MS,1,2,3,4,5,6,7,8,9,10,11,12,13,14,15,16,17,18,19,20,21,22,23,24,25,26,27,28,29,30,31,32,33,34,35,36,37,38,39,40,41,42,43,44,45,46,47,48,49,50,51,52,53,54,55,56,57,58,59,60,61,62,63,64,65,66,67,68,69,70,71,72,73,74,75,76,77,78,79,80,81,82,83,84,85,86,87,88,89,90,91,92,93,94,95,96,
Predicted Signature 1 (mutation),0.0,0.0,0.0,0.0,0.001007,0.0,0.0,0.0,0.0,0.0,0.0,0.0,0.0,0.0,0.0,0.0,0.0,0.0,0.000368,0.0,0.0,0.0,0.001449,0.0,0.0,0.0,0.0,0.0,0.0,0.0,0.0,0.0,0.0,0.028232,0.0,0.0,0.101371,0.131632,0.035435,0.00056,0.0,0.040026,0.0,0.0,0.010143,0.577176,0.035697,0.021133,0.001153,0.0,0.002332,0.001489,0.0,0.0,0.0,0.0,0.000297,0.0,0.000365,0.0,0.000445,0.0,0.000975,0.00353,0.0,0.0,0.0,0.0,0.0,0.0,0.0,0.0,0.0,0.0,0.0,0.0,0.0,0.0,0.0,0.0,5.6e-05,0.0,0.000826,0.0,0.0,0.0,0.001217,0.0,0.0,0.0,0.0,0.0,0.0,0.000717,0.000736,0.001631
COSMIC Known Signature 7,0.0004,0.0005,0.0,0.0004,0.0012,0.0006,0.0,0.0013,0.0003,0.0001,0.0,0.0001,0.001,0.002,0.0002,0.0013,0.0,0.0,0.0,0.0001,0.0001,0.0004,0.0006,0.0003,0.0,0.0004,0.0,0.0,0.0002,0.001,0.0003,0.0007,0.0,0.0197,0.0001,0.0043,0.0754,0.1007,0.0208,0.0788,0.0,0.021,0.0002,0.0161,0.1202,0.2887,0.0992,0.0844,0.001,0.0008,0.0009,0.0035,0.0,0.0014,0.0007,0.0018,0.0,0.0,0.0006,0.001,0.001,0.0015,0.001,0.005,0.0005,0.0001,0.0007,0.0011,0.001,0.0008,0.001,0.0045,0.0002,0.0001,0.0003,0.0081,0.0023,0.0018,0.0019,0.0024,0.0,0.0,0.0009,0.0,0.0,0.0008,0.0009,0.0013,0.0,0.0,0.0017,0.0009,0.0,0.001,0.001,0.0014
Predicted Signature 2 (mutation),0.0,0.010628,0.0,0.009683,0.058091,0.14252,0.035558,0.340793,0.00897,0.006407,0.0,0.00911,0.0,0.016106,0.0,0.03728,0.0,0.0,0.0,0.003895,0.0,0.0,0.0,0.0,0.001583,0.009247,0.0,0.0,0.0,0.0,0.0,0.0,0.007984,0.0,3.5e-05,0.0,0.010335,0.0,0.051879,0.0,0.029803,0.066439,0.0,0.0,0.0,0.0,0.009689,0.0,0.002308,0.017291,0.0,0.019683,0.0,0.007538,0.0,0.000863,0.0,0.008107,0.0,0.00934,0.0,0.0,0.0,0.0,0.012512,0.00254,0.0,0.0,0.005673,0.003968,0.004338,0.0,0.023776,0.0,0.0,0.0,0.00528,0.0,0.0,0.000976,0.0,0.0,0.001087,0.0,0.0,0.0,0.008684,0.0,0.0,0.0,0.0,0.0,0.0,0.0,0.0,0.0
COSMIC Known Signature 20,0.001179961596,0.002211505148,1.61691e-07,0.003008009987,0.017377110647,0.036502462984,0.012482587542,0.103401226249,0.001116123789,0.003271428605,0.003751612508,0.01293719445,0.000688299692,0.00405822906,0.001001102231,0.012229104507,0.00069704107,0.002059310006,1.2734958e-05,0.000848587116,1.331626e-05,0.000548144708,0.0,0.000120730556,0.001339769321,0.001811151475,6.37538e-07,0.001238264182,2.4298469e-05,0.00015199855,0.0,0.000683059976,0.032858047272,0.022196046913,0.034572014703,0.018819559611,0.011145185306,0.018152746866,0.044384942487,0.013847136214,0.056793947985,0.05442985727,0.004592688609,0.049580863753,0.01071032207,0.00817550977,0.023163899202,0.009540087238,0.000574401358,0.001971462059,0.000190586616,0.007421103528,4.5042364e-05,0.004389055645,0.001127835842,0.002385541321,0.000163129836,0.003799179503,0.0008283337,0.001900746587,0.000924547968,0.000708206814,9.7003127e-05,0.00231348906,0.016395062964,0.019251793639,0.054784918009,0.007341269916,0.014867696528,0.018356161025,0.074150562563,0.011001118253,0.002469317074,0.001565632906,0.027341755021,0.001498264796,0.005734229562,0.011234254668,0.023767611345,0.005395186301,1.765291e-06,0.000381387913,0.000658758087,0.000532125222,2.3264084e-05,0.008476494525,0.015383776115,0.002185394659,3.579149e-06,0.002830575073,0.002733219405,0.003558558565,2.69147e-07,0.000377234437,0.000515421599,0.000615656691
Predicted Signature 3 (mutation),0.0,0.0,0.0,0.0,0.001548,0.002114,0.0,0.0,0.00069,0.007878,0.0,0.008095,0.0,0.0,0.000541,0.0,0.0,0.00139,0.0,0.000756,0.0,0.0,0.0,0.0,0.001896,0.004553,0.0,0.00134,0.0,0.0,0.0,0.0,0.0,0.003513,0.0,0.0,0.0,0.008475,0.0,0.0,0.009378,0.071462,0.070625,0.023799,0.004633,0.012444,0.0,0.00154,0.008189,0.02577,0.0,0.002138,0.0,0.0,0.0,0.0,0.0,0.014387,0.0,0.001839,0.002409,0.004582,0.0,0.0,0.036818,0.021449,0.00771,0.018309,0.017617,0.011737,0.0,0.010559,0.164817,0.103232,0.095571,0.096503,0.036732,0.036011,0.013312,0.023816,0.0,0.002957,0.0,0.0,0.001147,0.0,0.0,0.0,0.0,0.002653,0.0,0.003069,0.0,0.0,0.0,0.0
COSMIC Known Signature 21,0.0001,0.0007,0.0,0.0006,0.002,0.0014,0.0027,0.0056,0.0001,0.0038,0.0003,0.0023,0.0001,0.0005,0.0,0.0004,0.0005,0.0008,0.0,0.0018,0.0001,0.0,0.0,0.0003,0.0004,0.0042,0.0,0.0004,0.0002,0.0003,0.0,0.0003,0.0051,0.0062,0.0256,0.003,0.0034,0.0091,0.0318,0.004,0.0163,0.0392,0.0019,0.0166,0.0064,0.0086,0.0126,0.0064,0.0083,0.0292,0.0027,0.0043,0.0,0.0037,0.0025,0.001,0.0,0.0142,0.0031,0.0041,0.0027,0.0045,0.0,0.0008,0.0265,0.0165,0.0224,0.0189,0.0219,0.01,0.0211,0.0204,0.1426,0.0665,0.0884,0.1003,0.0389,0.0313,0.0249,0.0274,0.0,0.0031,0.0016,0.0018,0.0,0.0005,0.0004,0.0032,0.0,0.0006,0.0004,0.0008,0.0,0.0018,0.0003,0.0003
Predicted Signature 4 (mutation),0.000789,0.0,0.0,0.0,0.002291,0.000735,0.0,0.0,0.0,0.0,0.0,0.0,0.004867,0.029502,0.003436,0.0,0.004921,0.001104,0.001288,0.004471,0.007932,0.001707,0.001983,0.007038,0.001956,0.001332,0.000284,0.003565,0.306711,0.100254,0.037579,0.338081,0.00545,0.0,0.007594,0.0,0.0,0.001569,0.001457,0.00469,0.010594,0.0,0.006002,0.003156,0.073198,0.007873,0.003533,0.0,0.000359,0.001138,0.000846,0.000371,0.0,0.000851,0.000819,0.0,0.0,0.0,0.00021,0.0,0.0,0.0,0.0,0.000364,0.001059,0.001182,0.001155,0.000767,0.0,0.0,0.0,0.0,0.0,0.0,0.001175,0.0,0.000336,0.001486,0.0,0.0,0.0,0.0,0.0,0.0,0.0,0.000233,0.0,0.0,0.000483,0.000222,0.0,0.0,0.0,0.0,0.0,0.0
COSMIC Known Signature 13,0.000334757187,0.000648736139,3.8144594e-05,0.00084665846,0.001710089561,0.001159256581,0.000244166533,0.001256768244,0.000132109643,0.000754244011,9.6820775e-05,0.000551103672,0.048166047937,0.017329557089,0.002293157306,0.018634581512,0.003775165298,0.000920824828,1.9890489e-05,0.003860632488,0.005333651375,0.000912303471,0.000285467331,0.006383097568,0.001349419584,0.000788807743,8.1791214e-05,0.002680123244,0.280234946548,0.063885286587,0.009528486008,0.330225481745,0.001480180764,4.0508707e-05,0.000316594671,0.0,0.003647278451,0.001004229295,0.000129202148,0.00061176997,0.002934137577,0.002515171146,0.00320526455,0.001687730545,0.113842093163,0.015024839001,0.006102097956,0.028140661233,0.001243618346,0.001060001878,0.00010255436,0.000971812099,0.000285158991,0.000222287328,0.000286951828,8.00446e-07,0.000137960405,0.000252867405,0.000153517461,0.000122745552,0.000403261316,0.000771813274,0.000245194218,0.000160345975,0.000549454166,0.000145506661,0.000279178024,0.000267461432,4.2751466e-05,4.3307542e-05,5.4272534e-05,7.63944e-07,0.001054081222,0.000529899747,0.000630095718,0.000676187888,0.000784056118,0.000132974888,3.7402404e-05,0.000179702846,0.00038619979,0.000112383214,3.6000696e-05,0.000192493754,1.5094208e-05,0.00014762484,4.59873e-05,0.000463714722,1.8489857e-05,9.3373513e-05,1.0579194e-05,5.3741207e-05,0.000546581847,0.000235347085,4.79022e-07,0.000670588327
Predicted Signature 5 (mutation),0.0,0.000378,0.0,0.0,0.0,0.000573,0.0,0.0,0.0,0.000968,0.000291,0.0,0.002829,0.0,0.0,0.000538,0.0,0.0,0.0,0.0,0.0,0.000581,0.0,0.0,0.0,0.0,0.0,0.0,0.0,0.0,0.0,0.0,0.019465,0.089463,0.0,0.037723,0.027252,0.140466,0.0,0.082952,0.069387,0.297279,0.021396,0.152776,0.014284,0.037592,0.001765,0.0,0.0,0.0,0.0,0.0,0.0,0.0,0.0,0.0,0.0,0.000214,0.0,0.0,0.0,0.0,0.0,0.0,0.00072,0.0,0.0,0.0,0.0,0.0,0.0,0.0,0.0,0.000156,0.0,0.000567,0.0,0.000194,0.0,0.0,0.0,0.0,0.0,0.0,0.0,0.000189,0.0,0.0,0.0,0.0,0.0,0.0,0.0,0.0,0.0,0.0
COSMIC Known Signature 23,0.000453360683,0.000366800484,0.0,0.0,0.000164739382,0.000736874802,0.000163953661,0.000722731835,0.000349907495,0.000568337772,0.000149417834,0.0,0.002071289985,0.000696410201,9.9393633e-05,0.000207430191,0.0,0.0,0.0,0.0,0.000199049174,0.000283776026,0.0,0.000195775338,0.0,0.000137501074,0.0,0.0,0.000230608944,0.000165787009,0.0,0.000438955809,0.019767154372,0.081880579925,0.009248715085,0.033209652209,0.060572627805,0.186375634076,0.015149082593,0.156015396977,0.053282058965,0.162918343743,0.013046494744,0.107590399754,0.014558613696,0.043510446939,0.002752640544,0.024328785234,0.0,0.0,0.000237418521,0.0,0.000594528453,0.0,0.0001731204,0.000457813099,0.0,0.000183203812,0.0,0.0,0.0,0.0,0.000231525618,0.0,0.00106844882,0.000221573159,0.000498801514,0.000313240541,0.0,0.0,0.000320704886,0.0,0.000251168628,0.000538218489,0.0,0.000995769681,0.0,0.000230608944,0.000239513775,0.0,0.0,0.0,0.0,0.0,0.0,0.000190144342,0.0,0.00021083498,0.0,0.0,0.000187132414,0.0,0.0,0.0,0.000247501933,0.0
Predicted Signature 6 (mutation),0.00027,0.000112,0.0,0.0,0.0,0.0,0.0,0.0,0.000269,0.0,0.0,0.0,0.0,0.0,0.0,0.0,0.0,0.0,0.0,0.000101,9.1e-05,0.0,0.0,0.0,0.0,0.000106,0.000411,0.000101,0.0,0.0,0.0,0.0,0.000459,0.000574,0.0001,0.0,0.0,0.000255,7.1e-05,0.000117,0.000109,0.0,0.001023,0.0,0.0,1e-06,0.000163,0.0,0.0,0.0,0.0,0.000102,0.0,0.0,0.0,0.0,0.0,0.0,0.0,0.0,0.0,0.0,0.0,0.0,0.0,0.000565,0.000105,0.0,0.0,0.037993,0.0,0.000407,0.0,0.0,0.0,0.0,0.0,0.001374,0.000258,0.0,0.0,0.0,0.000266,0.0,0.0,0.0,0.000442,0.000105,0.036807,0.021653,0.878736,0.016583,0.0,0.000272,0.0,0.0
COSMIC Known Signature 3,0.022172306775,0.017871675353,0.002138339617,0.01626514559,0.018781725573,0.015760457842,0.001963389846,0.014722861126,0.009696539676,0.010843341116,0.000929140538,0.012215382639,0.011653224909,0.016606775011,0.001357239439,0.016328075975,0.024002615202,0.012160303668,0.005275419458,0.023277656342,0.016832571989,0.013531441527,0.004176457524,0.024046390424,0.011916844569,0.009823653397,0.00167105425,0.017914334306,0.016041405438,0.020149920428,0.002527910936,0.032673640762,0.017872170732,0.008896034323,0.00357270835,0.014797612209,0.014395059491,0.008544781192,0.00351846584,0.016075545712,0.016127273332,0.008208632437,0.001212922866,0.010611649208,0.008880209061,0.013529572798,0.001705408858,0.010304416928,0.008428563566,0.00737309667,0.00735730002,0.008753938991,0.00757132026,0.012725463528,0.011508561865,0.016456177696,0.004434782559,0.005615432411,0.008070136472,0.008679121744,0.007132681354,0.009102797827,0.006565863041,0.014712135403,0.013035709432,0.00918628969,0.011716920077,0.016978870798,0.007895012611,0.014431170362,0.008422972144,0.011932430465,0.006850055574,0.006260749014,0.006098762993,0.007509343859,0.009115495077,0.010953790932,0.006113033219,0.010774336259,0.002351368076,0.001464231129,0.009053777642,0.007030976419,0.001974181146,0.005824295545,0.010464654525,0.008724387302,0.004144488018,0.004501985313,0.016391452608,0.007067236643,0.005427184241,0.006160250423,0.011076526261,0.013000984209
Predicted Signature 7 (mutation),0.0,0.000531,0.0,0.0,0.0,0.0,0.00049,0.0,0.0,0.0,0.0,0.0,0.0,0.0,0.0,0.003162,0.0,0.0,0.0,0.0,0.0,0.0,0.0,0.0,0.0,0.0,0.0,0.0,0.0,0.0,0.0,0.0,0.0,0.0,0.0,0.0,0.070474,0.0,0.0,0.156683,0.0,0.016333,0.0,0.053217,0.338569,0.197366,0.089414,0.046368,0.0,0.001062,0.0,0.0,0.0,0.00323,0.0,0.001998,0.0,0.000512,0.0,0.00028,0.0,0.0,0.000104,0.002552,0.0,0.0,0.000769,0.0,0.000995,0.001794,0.002011,0.005081,0.0,0.0,0.0,0.0,0.00121,0.001239,0.0,0.000582,0.0,0.0,0.0,0.0,0.000356,0.002392,0.0,0.0,0.0,0.0,0.0,0.001228,0.0,0.0,0.0,0.0
COSMIC Known Signature 2,0.000682708227,0.000619107232,9.9278956e-05,0.000323891363,0.000677444988,0.000213681013,6.77046e-06,0.000416332906,0.000352013353,0.000133816879,0.00017844166,0.000122832046,0.015127427519,0.006532492454,0.001656455398,0.012394610714,0.000263481044,0.000269866049,0.000219233911,0.000610973492,2.7772077e-05,0.000279643862,1.9161576e-05,0.000312781573,4.4838514e-05,1.4520103e-05,4.0665889e-05,0.000268429459,0.037241853149,1.9413411e-05,0.001625465457,0.066879899684,0.007441556817,0.002726312428,0.003322083281,0.003326528417,0.015019506931,0.003516918098,0.004979275715,0.008956552775,0.006390807876,0.001995816784,0.000303020977,0.003265818188,0.419941399594,0.081972496144,0.047720186368,0.228674918306,1.32377e-07,0.000113069562,0.000532929416,0.000149110959,0.000154598981,0.000464019028,0.000230409809,0.000574885587,0.00011499421,0.00029386206,8.8721344e-05,0.000215755466,8.0752486e-05,4.802898e-06,6.6605043e-05,0.000276315891,0.001303509558,0.000425576677,0.000575473007,0.001488164093,0.000546619204,0.000392332573,0.000362024508,0.000560900126,4.673852e-06,0.000186065927,4.95044e-07,0.000578598104,0.000101932352,0.000470343659,0.000192354203,0.000585330275,3.3718411e-05,2.4844826e-05,0.000273454078,0.000217694872,0.000113784603,2.2095087e-05,0.000228245948,6.711134e-05,9.5552392e-05,4.7002381e-05,0.000109925703,8.647718e-05,7.173695e-05,1.4281456e-05,0.000206615168,2.3598204e-05
Predicted Signature 8 (mutation),0.045346,0.007908,0.000694,0.003879,0.004441,0.0,0.0,0.0,0.028,0.012429,0.01002,0.007188,0.0,0.0,0.0,0.0,0.014278,0.014918,0.033141,0.009155,0.010823,0.001663,0.020825,0.012455,0.028567,0.046549,0.057614,0.034749,0.0,0.004325,0.010762,0.0,0.0,0.0,0.0,0.00081,0.00064,0.005873,0.003331,0.002555,0.001856,0.0,0.0,0.005628,0.0,0.006014,0.0,0.001982,0.009656,0.002819,0.008795,0.003171,0.0,0.0,0.0,0.005936,0.006573,0.008357,0.006636,0.005708,0.0,0.0,0.002479,0.004701,0.0,0.026208,0.0,0.0,0.000833,0.074713,0.008187,0.017138,0.0,0.023843,0.030174,0.000472,0.0,0.03409,0.007148,0.0,0.00936,0.006927,0.03003,0.003936,0.000552,0.005527,0.031461,0.0,0.026175,0.060289,0.0,0.049858,0.004797,0.010765,0.015682,0.008586
COSMIC Known Signature 3,0.022172306775,0.017871675353,0.002138339617,0.01626514559,0.018781725573,0.015760457842,0.001963389846,0.014722861126,0.009696539676,0.010843341116,0.000929140538,0.012215382639,0.011653224909,0.016606775011,0.001357239439,0.016328075975,0.024002615202,0.012160303668,0.005275419458,0.023277656342,0.016832571989,0.013531441527,0.004176457524,0.024046390424,0.011916844569,0.009823653397,0.00167105425,0.017914334306,0.016041405438,0.020149920428,0.002527910936,0.032673640762,0.017872170732,0.008896034323,0.00357270835,0.014797612209,0.014395059491,0.008544781192,0.00351846584,0.016075545712,0.016127273332,0.008208632437,0.001212922866,0.010611649208,0.008880209061,0.013529572798,0.001705408858,0.010304416928,0.008428563566,0.00737309667,0.00735730002,0.008753938991,0.00757132026,0.012725463528,0.011508561865,0.016456177696,0.004434782559,0.005615432411,0.008070136472,0.008679121744,0.007132681354,0.009102797827,0.006565863041,0.014712135403,0.013035709432,0.00918628969,0.011716920077,0.016978870798,0.007895012611,0.014431170362,0.008422972144,0.011932430465,0.006850055574,0.006260749014,0.006098762993,0.007509343859,0.009115495077,0.010953790932,0.006113033219,0.010774336259,0.002351368076,0.001464231129,0.009053777642,0.007030976419,0.001974181146,0.005824295545,0.010464654525,0.008724387302,0.004144488018,0.004501985313,0.016391452608,0.007067236643,0.005427184241,0.006160250423,0.011076526261,0.013000984209
Predicted Signature 9 (mutation),0.0,0.008562,0.001687,0.070179,0.007585,0.0,0.0,0.25465,0.002511,0.031233,0.002224,0.203996,0.009647,0.034313,0.0,0.079994,0.0,0.0,0.0,0.0,0.0,0.0,0.0,0.0,0.000831,0.0,0.0,0.0,0.000158,0.0,0.0,0.0,0.009205,0.023099,0.045253,0.021107,0.0,0.0,0.0,0.000565,0.0,0.0,0.001687,0.028413,0.0,0.018284,0.0,0.016188,0.0,0.0,0.0,0.0,0.0,0.004391,0.0,0.002948,0.0,0.002197,0.0,0.0,0.0,0.002436,0.0,0.002101,0.0,0.007594,0.007553,0.004274,0.0,0.00722,0.0,0.0,0.0,0.012069,0.011583,0.01361,0.0,0.00816,0.005184,0.005718,0.0,0.003843,0.003142,0.009568,0.0,0.000568,0.0,0.0,0.0,0.004693,0.0,0.009108,0.0,0.0,0.000667,0.0
COSMIC Known Signature 14,0.0001,0.0042,0.0005,0.0296,0.0056,0.0102,0.0009,0.1257,0.0018,0.0114,0.0011,0.0736,0.0005,0.0166,0.0,0.0516,0.0001,0.0,0.0,0.0001,0.0,0.0,0.0,0.0,0.0002,0.0001,0.0,0.0003,0.0,0.0,0.0,0.0001,0.0293,0.0321,0.0496,0.0277,0.006,0.0167,0.0293,0.0186,0.0557,0.0618,0.0978,0.0555,0.0092,0.0283,0.0094,0.0229,0.0,0.0008,0.0,0.0009,0.0,0.0034,0.0002,0.002,0.0,0.0025,0.0,0.0009,0.0,0.0016,0.0,0.0012,0.0026,0.0046,0.0035,0.0025,0.0006,0.0053,0.0016,0.0027,0.0078,0.0127,0.0082,0.0086,0.0018,0.0056,0.0034,0.0026,0.0,0.002,0.0007,0.0056,0.0,0.002,0.0005,0.0063,0.0,0.0019,0.0012,0.0038,0.0,0.0015,0.0002,0.0025
Predicted Signature 10 (mutation),0.0,0.007732,0.0,0.012149,0.0,0.0,0.00193,0.002892,0.0,0.0,0.0,0.0,0.485093,0.021179,0.087109,0.238317,0.0,0.003481,0.0,0.0,0.0,0.0,0.0,0.002542,0.0029,0.0,0.0,0.004894,0.0,0.0,0.0,0.0,0.0,0.002392,0.001726,0.0,0.0,0.0,0.0,0.009581,0.0,0.0,0.0,0.0,0.007074,1e-06,0.004858,0.004308,0.000888,0.0,0.0,0.0,0.0,0.0,0.0,0.006829,0.0,0.0021,0.0,0.003948,0.002482,0.006788,0.0,0.0,0.0,0.0,0.0,0.0,0.002001,0.00737,0.008452,0.01446,0.00641,0.000659,0.0,0.002729,0.0,0.0,0.004121,0.00782,0.001918,0.001764,0.0,0.0,0.0,0.0,0.00333,0.007869,0.0,0.0,0.0,0.0,0.001913,0.001606,0.004382,0.0
COSMIC Known Signature 18,0.050536418625,0.010939824789,0.002288072697,0.019424091364,0.088768108819,0.020641390557,0.01717840248,0.037676958929,0.12872415808,0.016092878663,0.009271416762,0.072017070126,0.067080643529,0.041869009693,0.01516237929,0.117877846666,0.00151688758,0.002498784527,0.002614508983,0.00398301117,0.000458463822,0.00365422833,0.005405774245,0.00551960482,0.000923879703,0.000648647922,0.000542839968,0.001376724888,0.001802969051,0.007863006794,0.001513223334,0.003567102065,0.003825623912,0.002465214261,0.008463956886,0.005605739927,0.009767511475,0.005654828462,0.016183222964,0.005153318613,0.002703068727,0.004199307536,0.011897360825,0.001913380905,0.014923391701,0.00996274431,0.011549715126,0.005398013994,0.003037210804,0.000811167214,0.004503207138,0.002736523185,0.000412346353,0.00249141131,0.005523045713,0.003313713273,0.001875434081,0.001510309757,0.001505368776,0.003611025202,0.004663278043,0.002578155543,0.002016738361,0.002818679447,0.002933053644,0.001513284763,0.003329668955,0.005491317771,0.00019216932,0.003050192581,0.002596464193,0.001310028744,0.000529126468,0.002279130829,0.005871056581,0.004771565739,0.000302303565,0.006260791115,0.001541265329,0.001357797089,0.000386138197,0.00125498208,0.002369216073,0.000338602881,6.1002548e-05,0.002015696913,0.005311967254,0.002341629178,0.001341532464,9.20431e-07,0.009694999981,0.002890553519,3.6318404e-05,0.00323383799,0.000754601773,0.002126441532
Predicted Signature 11 (mutation),0.0,0.0,0.0,0.0,0.0,0.0,0.0,0.0,0.0,0.0,0.0,0.0,0.0,0.0,0.0,0.0,0.0,0.000515,0.0,0.0,0.0,0.0,0.0,0.00041,0.0,0.0,0.0,0.0,0.006854,0.003521,0.0,0.010932,0.0,0.003419,0.0,0.002527,0.0226,0.004142,0.01548,0.0,0.0,0.006557,0.002069,0.0,0.412943,0.124586,0.140261,0.242014,0.0,0.0,0.0,0.0,0.0,0.0,0.0,0.0,0.0,0.000159,0.0,0.0,0.0,0.0,0.0,0.0,0.0,0.0,0.0,0.0,0.0,0.0,0.0,0.0,0.0,0.0,0.0,0.0,0.0,0.0,0.0,0.0,0.0,0.0,0.000796,0.0,0.0,0.0,0.0,0.0,0.0,0.0,0.000216,0.0,0.0,0.0,0.0,0.0
COSMIC Known Signature 2,0.000682708227,0.000619107232,9.9278956e-05,0.000323891363,0.000677444988,0.000213681013,6.77046e-06,0.000416332906,0.000352013353,0.000133816879,0.00017844166,0.000122832046,0.015127427519,0.006532492454,0.001656455398,0.012394610714,0.000263481044,0.000269866049,0.000219233911,0.000610973492,2.7772077e-05,0.000279643862,1.9161576e-05,0.000312781573,4.4838514e-05,1.4520103e-05,4.0665889e-05,0.000268429459,0.037241853149,1.9413411e-05,0.001625465457,0.066879899684,0.007441556817,0.002726312428,0.003322083281,0.003326528417,0.015019506931,0.003516918098,0.004979275715,0.008956552775,0.006390807876,0.001995816784,0.000303020977,0.003265818188,0.419941399594,0.081972496144,0.047720186368,0.228674918306,1.32377e-07,0.000113069562,0.000532929416,0.000149110959,0.000154598981,0.000464019028,0.000230409809,0.000574885587,0.00011499421,0.00029386206,8.8721344e-05,0.000215755466,8.0752486e-05,4.802898e-06,6.6605043e-05,0.000276315891,0.001303509558,0.000425576677,0.000575473007,0.001488164093,0.000546619204,0.000392332573,0.000362024508,0.000560900126,4.673852e-06,0.000186065927,4.95044e-07,0.000578598104,0.000101932352,0.000470343659,0.000192354203,0.000585330275,3.3718411e-05,2.4844826e-05,0.000273454078,0.000217694872,0.000113784603,2.2095087e-05,0.000228245948,6.711134e-05,9.5552392e-05,4.7002381e-05,0.000109925703,8.647718e-05,7.173695e-05,1.4281456e-05,0.000206615168,2.3598204e-05
Predicted Signature 12 (mutation),0.001911,0.002893,0.0,0.0,0.0,0.0,0.0,0.0,0.006029,0.001856,0.0,0.0,0.0,0.0,0.002945,0.0,0.003335,0.001988,0.0,0.006491,0.0,0.0,0.0,0.0,0.001192,0.0,0.0,0.00517,0.0,0.0,0.0,0.0,0.159242,0.040318,0.059375,0.065866,0.032419,0.0,0.0,0.017717,0.247126,0.054593,0.042889,0.142674,0.033882,0.015851,0.003149,0.018061,0.0,0.0,0.0,0.0,0.0,0.0,0.0,0.001246,0.0,0.0,0.0,0.0,0.0,0.001813,0.0,0.0,0.0,0.0,0.0,0.0,0.0,0.005368,0.0,0.0,0.0,0.0,0.0,0.0,0.005741,0.011916,0.006944,0.0,0.0,0.0,0.0,0.0,0.0,0.0,0.0,0.0,0.0,0.0,0.0,0.0,0.0,0.0,0.0,0.0
COSMIC Known Signature 30,0.0,0.0,0.0019673,0.0,0.0,0.0,0.0022624,0.0,0.008853,0.0093449,0.0008853,0.0081645,0.0,0.0,0.0016722,0.0,0.0,0.0,0.00482,0.0,0.0,0.0,0.0032461,0.0,0.0073775,0.0065906,0.0015739,0.0,0.0,0.0,0.0019673,0.0,0.065119,0.054397,0.0204604,0.0219359,0.0694472,0.0638403,0.0173126,0.0342318,0.0485934,0.0494787,0.0157387,0.0188865,0.0849892,0.090301,0.0151485,0.045544,0.0075743,0.003738,0.0065906,0.0093447,0.0053118,0.0067873,0.0082628,0.0,0.003738,0.0033445,0.0050167,0.0063939,0.0076726,0.0064922,0.0036396,0.0,0.0,0.0087547,0.0090498,0.0,0.0,0.0,0.0,0.0,0.0,0.0065906,0.0078694,0.0084596,0.0,0.0091481,0.0060004,0.0,0.0053118,0.0024592,0.0062955,0.0095416,0.0046233,0.0060004,0.0073775,0.0091481,0.0032461,0.001869,0.0033445,0.0056069,0.0086563,0.0043282,0.0082628,0.0
Predicted Signature 13 (mutation),0.0,0.0,0.0,0.0,0.0,0.001368,0.003225,0.008803,0.001571,0.006257,0.001341,0.020444,0.0,0.0,0.0,0.0,0.0,0.000469,0.0,0.0,0.0,0.0,0.0,0.0,0.0,0.000393,0.0,0.000939,0.0,0.0,0.0,0.0,0.0,0.004514,0.080341,0.0,0.0,0.0,0.050181,0.0,0.028494,0.113127,0.573167,0.049291,0.0,0.010741,0.012232,0.0,0.0,0.0,0.0,0.001536,0.0,0.000918,0.0,0.0,0.0,0.001425,0.0,0.000614,0.0,0.0,0.0,0.0,0.0,0.0029,0.003228,0.0,0.0,0.0,0.005502,0.0,0.0,0.014284,0.0,0.0,0.0,0.0,0.0,0.0,0.0,0.0,0.0,0.0,0.0,0.002104,0.00059,0.0,0.0,0.0,0.0,0.0,0.0,0.0,0.0,0.0
COSMIC Known Signature 15,0.0013,0.004,0.0,0.0057,0.0106,0.0084,0.0015,0.0228,0.0024,0.0099,0.0013,0.0309,0.0057,0.0062,0.0025,0.0145,0.0011,0.0001,0.0006,0.001,0.0009,0.0003,0.0004,0.0017,0.0022,0.0005,0.0006,0.0018,0.0009,0.0026,0.0,0.0015,0.0117,0.0169,0.0309,0.0066,0.0051,0.0088,0.0155,0.0096,0.0476,0.1345,0.1829,0.08,0.0112,0.0156,0.0104,0.0076,0.0021,0.009,0.0009,0.0079,0.0016,0.0043,0.0027,0.0007,0.0,0.0038,0.0026,0.0043,0.0008,0.0019,0.0006,0.0003,0.0115,0.0073,0.0073,0.0063,0.0032,0.005,0.0128,0.0035,0.0195,0.0499,0.0154,0.0094,0.0068,0.0099,0.0039,0.0047,0.0,0.0006,0.0012,0.0029,0.0,0.0019,0.0007,0.0045,0.0,0.0022,0.0037,0.019,0.0,0.0004,0.0009,0.0033
Predicted Signature 14 (mutation),0.003802,0.0,0.0,0.0,0.0,0.000896,0.0,0.006171,0.00189,0.0,0.0,0.0,0.0,0.00097,0.0,0.0,0.0,0.0,0.0,0.0,0.0,0.000341,0.001338,0.001486,0.0,0.0,0.000553,0.0,0.0,0.000714,0.0,0.0,0.0,0.0,0.0,0.0,0.117408,0.4014,0.101239,0.268693,0.0,0.0,0.0,0.002164,0.0,0.004469,0.000311,0.081611,0.0,0.0,0.000648,0.0,0.000734,0.0,0.0,0.000989,0.0,0.0,0.0,0.0,0.0,0.0,0.0,0.0,0.0,0.0,0.0,9.6e-05,0.0,0.0,0.0,0.0,0.0,0.0,0.0,0.0,0.0,0.0,0.0,0.0,0.0,0.0,0.0,0.0,0.0,0.0,0.001108,0.000294,0.0,0.0,0.000143,0.0,0.0,0.0,0.000533,0.0
COSMIC Known Signature 23,0.000453360683,0.000366800484,0.0,0.0,0.000164739382,0.000736874802,0.000163953661,0.000722731835,0.000349907495,0.000568337772,0.000149417834,0.0,0.002071289985,0.000696410201,9.9393633e-05,0.000207430191,0.0,0.0,0.0,0.0,0.000199049174,0.000283776026,0.0,0.000195775338,0.0,0.000137501074,0.0,0.0,0.000230608944,0.000165787009,0.0,0.000438955809,0.019767154372,0.081880579925,0.009248715085,0.033209652209,0.060572627805,0.186375634076,0.015149082593,0.156015396977,0.053282058965,0.162918343743,0.013046494744,0.107590399754,0.014558613696,0.043510446939,0.002752640544,0.024328785234,0.0,0.0,0.000237418521,0.0,0.000594528453,0.0,0.0001731204,0.000457813099,0.0,0.000183203812,0.0,0.0,0.0,0.0,0.000231525618,0.0,0.00106844882,0.000221573159,0.000498801514,0.000313240541,0.0,0.0,0.000320704886,0.0,0.000251168628,0.000538218489,0.0,0.000995769681,0.0,0.000230608944,0.000239513775,0.0,0.0,0.0,0.0,0.0,0.0,0.000190144342,0.0,0.00021083498,0.0,0.0,0.000187132414,0.0,0.0,0.0,0.000247501933,0.0
Predicted Signature 15 (mutation),0.059913,0.046927,0.040189,0.033177,0.019602,0.042255,0.0,0.0,0.074207,0.084021,0.062228,0.044869,0.046162,0.080737,0.018503,0.052904,0.013446,0.009415,0.00766,0.006617,0.011817,0.012409,0.0,0.01494,0.010947,0.016895,0.015373,0.009398,0.0,0.015501,0.005056,0.0,0.000603,0.003913,0.006871,0.0,0.02354,0.001034,0.007318,0.007733,0.0,0.00671,0.0,0.002904,0.005004,0.017271,0.010843,0.004645,0.0,0.0,0.003058,0.0,0.0,0.0,0.0,0.006601,0.002692,0.002929,0.005907,0.003841,0.000642,0.001797,0.001792,0.001905,0.005116,0.0,0.0,0.0,0.002191,0.0,0.0,0.003302,0.001576,0.0,0.0,0.0,0.0,0.0,0.0,0.0,0.0,0.0,0.0,0.0,0.0,0.0,0.001384,0.0,0.0,0.0,0.0,0.0,0.000573,0.0,0.00114,0.0
COSMIC Known Signature 24,0.028645992536,0.020214638433,0.020478996485,0.024600145425,0.063559283793,0.033757004716,0.022428985806,0.020086515438,0.054676448679,0.109945988997,0.04652486901,0.050428709482,0.031451263182,0.062538293699,0.012802590728,0.030297679613,0.011993038821,0.008425119792,0.0,0.003881383185,0.013476821609,0.016105687737,0.000797471998,0.010388665882,0.004945060708,0.009369875774,0.00562572654,0.003055770064,0.010220857436,0.007578365252,0.001592714217,0.00610072719,0.006315518136,0.003844326917,0.003110664425,0.003420418673,0.006035447394,0.0,0.002924419074,0.003971201575,0.023679051295,0.01591920184,0.012648077606,0.018129778378,0.026571894346,0.012055691082,0.00536335968,0.00553249918,0.001166747126,1.5173057e-05,0.006332455573,4.967216e-06,0.002766634838,0.002694462454,0.006911164721,0.002915200165,0.002225127336,0.004853149157,0.000195758628,0.0,0.0,0.007994129155,0.011202143591,0.000270578768,0.004726009142,0.000627949341,0.002723758627,0.00712236847,0.001848876535,0.004453689857,0.0,0.001597389007,0.00126974984,0.006710339996,0.000277684976,0.004238477669,0.001682291048,0.002344527656,0.000481274164,0.000358148002,0.0,0.001463950688,0.00084761253,0.001075455294,0.0,0.002185437348,0.000113909674,0.002533718333,0.0,0.001073632302,0.002924696996,0.000825098263,0.0,0.0,0.00136050485,6.9515778e-05
Predicted Signature 16 (mutation),0.0,0.0,0.0,0.0,0.000969,0.0,0.00107,0.0,0.0,0.0,0.0,0.0,0.0,0.001836,0.000438,0.0,0.000661,0.000723,0.0,0.000483,0.0,0.0,0.0,0.0,0.0,0.001729,0.0,0.0,0.0,0.000575,0.0,0.0,0.005126,0.0058,0.337188,0.001515,0.005516,0.007868,0.351066,0.004975,0.005688,0.0,0.143959,0.0,0.003342,0.0,0.114841,0.0,0.0,0.0,0.0,0.0,0.0,0.0,0.0,0.0,0.0,0.0,0.0,0.0,0.0,0.0,0.0,0.0,0.0,0.0,0.0,0.0,0.0,0.0,0.000227,0.0,0.0,0.0,2.7e-05,0.0,0.000484,0.001559,0.002333,0.0,0.0,0.0,0.0,0.0,0.0,0.0,0.0,0.0,0.0,0.0,0.0,0.0,0.0,0.0,0.0,0.0
COSMIC Known Signature 1,0.011098326166,0.009149340734,0.001490070468,0.006233885236,0.006595870109,0.007342367815,0.00089284037,0.007186581642,0.008232603989,0.00575802141,0.000616335232,0.004459080311,0.012250063666,0.011162229329,0.002275495686,0.015259102491,0.001801068369,0.00258090852,0.000592548022,0.002963986287,0.001284983446,0.000702134818,0.000506289594,0.001381542722,0.000602122711,0.002393352209,2.48534e-07,0.000890080731,0.001874853199,0.002067418791,0.000304897004,0.00315157446,0.029514532745,0.014322747041,0.171646931305,0.012623763151,0.020896446965,0.01850170477,0.095577217268,0.017113307642,0.024943814154,0.027161494035,0.103570762296,0.017689854381,0.014492099634,0.017680775357,0.076002221712,0.013761704021,0.004021520333,0.002371144163,0.002810909959,0.008360909345,0.001182587416,0.001903166857,0.00148796063,0.002179344412,0.000689289439,0.000552409528,0.001200228847,0.002107136837,0.005600155423,0.00199907926,0.001090065693,0.003981022761,0.01391577303,0.0062749606,0.010137636154,0.009256316389,0.004176674882,0.005252593331,0.00701322531,0.006713813119,0.011247835116,0.006999724257,0.004977592617,0.010667406133,0.008073616351,0.004857381178,0.008325454207,0.006257105605,0.001587636423,0.001784091288,0.001385830552,0.003158539312,0.000302691186,0.00209850244,0.0015995485,0.002758537619,9.9045003e-05,0.000202365646,0.001188353185,0.000800723342,0.001397553749,0.001291736985,0.00203107688,0.00403012816
Predicted Signature 17 (mutation),0.001346,0.0,0.000779,0.0,0.323447,0.135287,0.26384,0.073711,0.001114,0.0,0.00084,0.0,0.010372,0.01936,0.074139,0.006837,0.000464,0.0,0.0,0.0,0.011763,0.012056,0.049216,0.002985,0.0,0.0,0.001439,0.000283,0.0,9.2e-05,0.000654,0.0,0.0,0.0,0.0,0.000742,0.001938,0.0,0.0,0.0,0.0,0.0,0.0,0.0,0.0,1e-06,0.0,0.000119,0.0,0.0,0.001969,0.0,0.000492,0.0,0.0,0.00061,0.0,0.0,0.0,0.0,0.0,0.0,0.0,0.0,0.0,0.0,0.0,0.000242,0.0,0.003456,0.0,0.0,0.0,0.0,0.0,0.0,0.0,0.0,0.0,0.0,0.000128,0.0,0.0,0.0,0.0,0.000282,0.0,0.0,0.0,0.0,0.0,0.0,0.0,0.0,0.0,0.0
COSMIC Known Signature 4,0.0365,0.0309,0.0183,0.0243,0.0461,0.0614,0.0088,0.0432,0.0376,0.0399,0.0227,0.0258,0.033,0.0538,0.0104,0.037,0.0097,0.0054,0.0031,0.0054,0.0105,0.0097,0.0063,0.0094,0.007,0.0091,0.0062,0.006,0.0032,0.0105,0.0031,0.005,0.012,0.0075,0.0028,0.0059,0.021,0.0144,0.0076,0.0201,0.0087,0.008,0.0023,0.0082,0.0035,0.007,0.0011,0.0077,0.0048,0.0039,0.01,0.003,0.0075,0.0111,0.0342,0.0115,0.0069,0.0052,0.0133,0.0045,0.0045,0.0046,0.0082,0.0045,0.0084,0.002,0.0081,0.0036,0.0052,0.0026,0.01,0.0054,0.0061,0.0016,0.0042,0.0024,0.0028,0.0016,0.0036,0.0022,0.0,0.0002,0.0015,0.0002,0.0,0.0013,0.0046,0.0012,0.0,0.0,0.0018,0.0002,0.0,0.0003,0.003,0.0011
Predicted Signature 18 (mutation),0.0,0.011676,0.009446,0.002952,0.0,0.002111,0.0,0.0,0.0,0.0,0.0,0.0,0.0,0.0,0.0,0.0,0.018818,0.012832,0.007721,0.019522,0.019724,0.026355,0.019854,0.023294,0.007608,0.007403,0.0,0.012567,0.0,0.014836,0.012533,0.012693,0.041726,0.040741,0.035021,0.04526,0.034665,0.014489,0.063415,0.034014,0.0,0.0,0.0,0.012277,0.003969,0.033481,0.0,0.014362,0.0,0.010396,0.00784,0.0,0.0,0.003154,0.0,0.002978,0.0,0.002436,0.001772,0.002645,0.0,0.004875,0.0,0.002444,0.03995,0.007002,0.058158,0.065152,0.010058,0.0,0.0,0.016269,0.0,0.002542,0.0,0.016218,0.011615,0.004517,0.006169,0.025422,0.004504,0.006732,0.006392,0.003971,0.006236,0.004388,0.001984,0.0,0.003567,0.0,0.0,0.0,0.009389,0.013446,0.01233,0.010086
COSMIC Known Signature 5,0.014941547714,0.008960917997,0.002207846012,0.009206905292,0.00967490433,0.004952300642,0.002800627307,0.011013465824,0.011892168979,0.009247857495,0.002809188466,0.010301267456,0.014774016248,0.012043464964,0.003902362388,0.018243395705,0.011671021651,0.007292088583,0.002303839151,0.011696245747,0.007537523174,0.007633226665,0.002613760399,0.009417097876,0.005559423089,0.005388801221,0.001100589633,0.006041247837,0.002681056961,0.007924048307,0.001319075649,0.006644595708,0.021839187574,0.012756105638,0.016760177116,0.016477954692,0.022769209355,0.017509476305,0.012862237589,0.020429513385,0.020038258645,0.018022312238,0.013193817648,0.019502915335,0.010997560324,0.020644964803,0.007534489574,0.011787461775,0.008902904323,0.007399202496,0.011508051457,0.011193623195,0.005043163511,0.006208843676,0.01050756897,0.009784640746,0.006740387717,0.00402159648,0.006814352288,0.005101032909,0.009205637343,0.006835344247,0.007144208769,0.010240850413,0.035366735114,0.013771102129,0.028449051657,0.027302974158,0.014238629786,0.01248950044,0.018741631229,0.019054082944,0.016294982792,0.009574560593,0.014103929348,0.015666874692,0.017059640976,0.014195709147,0.012596501722,0.017375139145,0.003462151975,0.002246592659,0.005490216837,0.003821226712,0.002041648941,0.003478502118,0.007147456226,0.011486811509,0.001627664547,0.000327734937,0.005948879802,0.003307466591,0.00520287442,0.005131607914,0.0060552541,0.013369935834
Predicted Signature 19 (mutation),0.0,0.0,0.0,0.0,0.001191,0.0,0.0,0.0,0.002183,0.0,0.0,0.0,0.0,0.0,0.0,0.0,0.0,0.001201,0.0,0.0,0.0,0.0,0.0,0.0,0.000364,0.0,0.0,0.0,0.0,0.0,0.0,0.002207,0.002523,0.0,0.0,0.0,0.003573,0.003127,0.0,0.002004,0.0,0.0,0.0,0.0,0.00543,0.005795,0.0,0.00546,0.0,0.001745,0.0,0.003421,0.0,0.013754,0.0,0.036002,0.0,0.004883,0.0,0.006444,0.0,0.005295,0.0,0.008375,0.0,0.005677,0.0,0.00216,0.01038,0.060289,0.049256,0.097276,0.0,0.011606,0.011548,0.005864,0.000638,0.015876,0.004194,0.006408,0.002156,0.011396,0.0021,0.044468,0.002946,0.035971,0.025419,0.300187,0.0,0.011479,0.0,0.07863,0.0,0.019734,0.005521,0.063844
COSMIC Known Signature 17,0.001832019172,0.000342235622,1.576225e-06,0.003179664772,0.001032430218,0.000421880127,0.000297462769,3.1479429e-05,0.006535404875,0.001293803953,0.001283663378,0.003103766672,0.001824558257,0.001286518338,0.002172941968,0.005012316394,0.001661704195,0.001626898399,2.5801897e-05,0.001328507581,0.001924978751,0.000709367774,3.517869e-06,0.000953776334,0.001296324191,0.000260760911,4.377552e-06,0.001820392786,0.000392684657,0.000655602418,1.3641541e-05,0.002852380395,0.009350488403,0.004224289013,0.009229213313,0.005735961173,0.021265205902,0.003847235312,0.013176112314,0.009648025316,0.002068754725,0.000325483399,0.007511101358,0.000925697167,0.016100784572,0.016779984064,0.016272095596,0.01982741755,0.00061300245,0.001878587472,0.001087349685,0.002045493651,3.0079241e-05,0.010223747696,0.004467036232,0.031244883388,8.545689e-06,0.002573466959,0.003538822593,0.003879009961,0.000698812311,0.002579358604,2.1133639e-05,0.003883130589,0.002697314025,0.008078150072,0.004432870698,0.003140370209,0.007426999646,0.039657001207,0.028609696263,0.101869657701,1.1401335e-05,0.009657713318,0.004654129131,0.008149234601,0.001708586711,0.011074152072,0.005932002763,0.007208218396,5.3139249e-05,0.006468661271,0.003481549012,0.030926375169,9.1469787e-05,0.019814293551,0.013449837633,0.261456614079,3.9193821e-05,0.009078461515,0.004782775461,0.063497756582,0.000133410642,0.009613345245,0.004522462318,0.05804040776
Predicted Signature 20 (mutation),0.0,0.002378,0.000848,0.003634,0.001801,0.0,0.000591,0.0,0.0,0.003837,0.0,0.001172,0.059391,0.0,0.003158,0.175269,0.0,0.0,0.0,0.0,0.0,0.0,0.0,0.0,0.0,0.0,0.0,0.0,0.0,0.0,0.0,0.0,0.0,0.0,0.00074,0.0,0.0,0.0,0.0,0.0,0.0,0.006528,0.013799,0.012131,0.0,0.01391,0.111636,0.008227,0.0,0.0,0.0,0.001916,0.0,0.0,0.000728,0.0,0.0,0.0,0.0,0.0,0.0,0.0,0.0,0.002415,0.00679,0.010507,0.005361,0.006369,0.0,0.0,0.0,0.0,0.008079,0.027853,0.0,0.020752,0.003417,0.019124,0.004792,0.015783,0.004461,0.012716,0.005263,0.051702,0.007278,0.005097,0.010294,0.04864,0.002523,0.006642,0.0,0.009284,0.020383,0.029817,0.007354,0.225609
COSMIC Known Signature 10,0.0007,0.001,0.0003,0.0092,0.0031,0.0009,0.0007,0.016,0.0014,0.0022,0.0002,0.0088,0.0374,0.0103,0.0031,0.3083,0.0005,0.0003,0.0,0.0002,0.0,0.0,0.0,0.0,0.0,0.0002,0.0,0.0004,0.0,0.0,0.0,0.0001,0.0,0.0032,0.0126,0.0047,0.0012,0.0024,0.0109,0.0043,0.0,0.0134,0.027,0.0152,0.0037,0.0211,0.2141,0.0392,0.0,0.0002,0.0,0.0012,0.0,0.0001,0.0003,0.0009,0.0,0.0001,0.0,0.0004,0.0,0.0008,0.0,0.0028,0.0031,0.0052,0.0026,0.004,0.0005,0.0019,0.0015,0.002,0.0064,0.0101,0.0054,0.0124,0.003,0.0097,0.0065,0.0099,0.0,0.004,0.0015,0.0137,0.0022,0.0018,0.0037,0.0182,0.0,0.002,0.0009,0.003,0.005,0.0092,0.0022,0.0633
Predicted Signature 21 (mutation),0.0,0.0,0.0,0.0,0.0,0.0,0.0,0.006068,0.0,0.0,0.0,0.0,0.0,0.012963,0.0,0.0,0.0,0.001038,0.0,0.0,0.0,0.0,0.0,0.0,0.0,0.001625,0.0,0.0,0.0,0.0,0.0,0.0,0.0,0.202739,0.0,0.111085,0.0,0.000875,0.002622,0.057222,0.0,0.041856,0.0,0.0,0.0,0.221806,0.0,0.326684,0.0,0.0,0.0,0.0,0.0,0.0,0.0,0.0,0.0,0.0,0.0,0.0,0.0,0.002902,0.0,0.0,0.0,0.0,0.0,0.004077,0.0,0.0,0.0,0.0,0.0,0.0,0.0,0.0,0.0,0.0,0.0,0.0,0.0,0.005105,0.0,0.0,0.0,0.000303,0.0,0.0,0.0,0.0,0.0,0.0,0.001031,0.0,0.0,0.0
COSMIC Known Signature 11,0.0002,0.001,0.0,0.0002,0.0007,0.0017,0.001,0.0014,0.0004,0.001,0.0,0.0006,0.0009,0.0025,0.0001,0.0004,0.0007,0.0003,0.0,0.0009,0.0,0.0002,0.0008,0.0002,0.0,0.0002,0.0,0.0,0.0001,0.0011,0.0003,0.0008,0.0225,0.1099,0.0072,0.0639,0.031,0.1518,0.0135,0.0816,0.0261,0.0975,0.009,0.0522,0.0302,0.1589,0.008,0.0954,0.0002,0.0001,0.0007,0.0003,0.0004,0.0011,0.0006,0.0004,0.0003,0.0003,0.0004,0.0001,0.0003,0.0,0.0,0.0008,0.0006,0.0015,0.0008,0.0003,0.0001,0.0004,0.0001,0.0009,0.001,0.0016,0.0019,0.0023,0.0002,0.0009,0.0007,0.0005,0.0,0.0,0.0001,0.0,0.0,0.0001,0.0011,0.0009,0.0,0.0,0.001,0.0,0.0,0.0,0.0003,0.0003
Predicted Signature 22 (mutation),0.0,0.0,0.0,0.010848,0.003033,0.0,0.0,0.011785,0.001584,0.000241,0.0,0.005193,0.0,0.014775,0.0,0.479885,0.001095,0.0,0.0,0.0,0.0,0.0,0.0,0.0,0.0,0.0,0.0,0.0,0.0,0.0,0.0,0.0,0.0,0.004059,0.024436,0.008458,0.0,0.0,0.00559,0.004145,0.0,0.020312,0.051524,0.014685,0.0,0.015022,0.215548,0.037985,0.0,0.0,0.0,0.001367,0.0,0.0,0.0,0.0,0.0,0.0,0.0,0.0,0.0,0.0,0.000764,0.002879,0.002049,0.002633,0.0,0.00311,0.0,0.001215,0.0,0.0,0.004615,0.003902,0.005685,0.00728,0.003046,0.004989,0.006295,0.005434,0.0,0.0,0.0,0.0,0.0,0.0,0.0,0.00163,0.0,0.000484,0.0,0.0,0.0,0.001799,0.0,0.010621
COSMIC Known Signature 10,0.0007,0.001,0.0003,0.0092,0.0031,0.0009,0.0007,0.016,0.0014,0.0022,0.0002,0.0088,0.0374,0.0103,0.0031,0.3083,0.0005,0.0003,0.0,0.0002,0.0,0.0,0.0,0.0,0.0,0.0002,0.0,0.0004,0.0,0.0,0.0,0.0001,0.0,0.0032,0.0126,0.0047,0.0012,0.0024,0.0109,0.0043,0.0,0.0134,0.027,0.0152,0.0037,0.0211,0.2141,0.0392,0.0,0.0002,0.0,0.0012,0.0,0.0001,0.0003,0.0009,0.0,0.0001,0.0,0.0004,0.0,0.0008,0.0,0.0028,0.0031,0.0052,0.0026,0.004,0.0005,0.0019,0.0015,0.002,0.0064,0.0101,0.0054,0.0124,0.003,0.0097,0.0065,0.0099,0.0,0.004,0.0015,0.0137,0.0022,0.0018,0.0037,0.0182,0.0,0.002,0.0009,0.003,0.005,0.0092,0.0022,0.0633
Predicted Signature 23 (mutation),0.00612,0.001462,0.0,0.006266,0.009473,0.0,0.0,0.0,0.0,0.0,0.0,0.0,0.0,0.036595,0.0,0.0,0.0,0.0,0.004542,0.0,0.0,0.0,0.0,0.0,0.0,0.0,0.0,0.0,0.0,0.011588,0.006092,0.0,0.0,0.0,0.0,0.0,0.053515,0.0,0.0,0.056201,0.0,0.0,0.016971,0.0,0.0,0.041752,0.0,0.079175,0.017115,0.007632,0.001059,0.05341,0.004546,0.002965,0.0,0.015039,0.004681,0.001958,0.007937,0.012732,0.017507,0.021694,0.007484,0.05084,0.0,0.005374,0.0,0.0,0.014124,0.0,0.017266,0.050879,0.0,0.0,0.004982,0.147825,0.03202,0.026092,0.042562,0.038552,0.005156,0.0,0.012949,0.006257,0.0,0.0,0.011022,0.0,0.0,0.0,0.0,0.0,0.004815,0.011806,0.004472,0.007495
COSMIC Known Signature 12,0.0077,0.0047,0.0017,0.0046,0.0135,0.0112,0.0028,0.0071,0.0062,0.0056,0.0015,0.0027,0.0066,0.0099,0.0019,0.0049,0.0031,0.0015,0.0,0.0025,0.0019,0.0019,0.0,0.0019,0.0012,0.0011,0.0,0.0009,0.0024,0.0027,0.0,0.0015,0.0121,0.0054,0.0019,0.0067,0.0187,0.0094,0.0046,0.0205,0.0124,0.0092,0.0023,0.0115,0.0138,0.0095,0.001,0.009,0.0058,0.0065,0.0046,0.006,0.0017,0.0086,0.0031,0.0054,0.0015,0.0039,0.0019,0.0031,0.0057,0.0132,0.0037,0.0094,0.0466,0.0317,0.0487,0.025,0.0312,0.0385,0.0415,0.0324,0.0573,0.0274,0.041,0.0405,0.05,0.0342,0.032,0.0371,0.0012,0.001,0.0018,0.003,0.0013,0.0049,0.0045,0.0063,0.0,0.0004,0.0011,0.0032,0.0019,0.0027,0.0011,0.0032
Predicted Signature 24 (mutation),0.0,0.000512,0.0,0.0,0.001168,0.0,0.0,0.0,0.0,0.0,0.0,0.0,0.0,0.0,0.0,0.0,0.0,0.0,0.0,0.00062,0.0,0.0,0.0,0.0,0.0,0.0,0.0,0.0,0.0,0.0,0.0,0.0,0.0,0.0,0.0,0.0,0.0,0.00143,0.02075,0.0,0.0,0.0,0.0,0.035035,0.01147,0.035545,0.812723,0.077891,0.0,0.0,0.0,0.0,0.0,0.0,0.0,0.0,0.0,0.0,0.0,0.0,0.0,0.0,0.0,0.0,0.0,0.000472,0.0,0.0,0.0,0.0,0.0,0.0,0.0,0.0,0.0,0.002384,0.0,0.0,0.0,0.0,0.0,0.0,0.0,0.0,0.0,0.0,0.0,0.0,0.0,0.0,0.0,0.0,0.0,0.0,0.0,0.0
COSMIC Known Signature 10,0.0007,0.001,0.0003,0.0092,0.0031,0.0009,0.0007,0.016,0.0014,0.0022,0.0002,0.0088,0.0374,0.0103,0.0031,0.3083,0.0005,0.0003,0.0,0.0002,0.0,0.0,0.0,0.0,0.0,0.0002,0.0,0.0004,0.0,0.0,0.0,0.0001,0.0,0.0032,0.0126,0.0047,0.0012,0.0024,0.0109,0.0043,0.0,0.0134,0.027,0.0152,0.0037,0.0211,0.2141,0.0392,0.0,0.0002,0.0,0.0012,0.0,0.0001,0.0003,0.0009,0.0,0.0001,0.0,0.0004,0.0,0.0008,0.0,0.0028,0.0031,0.0052,0.0026,0.004,0.0005,0.0019,0.0015,0.002,0.0064,0.0101,0.0054,0.0124,0.003,0.0097,0.0065,0.0099,0.0,0.004,0.0015,0.0137,0.0022,0.0018,0.0037,0.0182,0.0,0.002,0.0009,0.003,0.005,0.0092,0.0022,0.0633
Predicted Signature 25 (mutation),0.003325,0.001375,0.001363,0.000489,0.0,0.00118,0.014007,0.0,0.0,0.00371,0.008211,0.0,0.0,0.0,0.0,0.0,0.0,0.001182,0.0,0.0,0.0,0.0,0.0,0.001055,0.0,0.002014,0.0,0.0,0.0,0.000938,0.0,0.003202,0.0001,0.00488,0.016734,0.003372,0.002875,0.002566,0.03184,0.005191,0.0,0.0,0.002617,0.009319,0.002007,0.000602,0.005919,0.0,0.0,0.0,0.001662,0.002938,0.0,0.003749,0.0,0.0,0.001837,0.001082,0.003,0.0,0.001276,0.0,0.0,0.0,0.033012,0.039961,0.12716,0.020887,0.032143,0.038261,0.166968,0.03992,0.039567,0.03108,0.092255,0.03217,0.017041,0.022053,0.056524,0.018549,0.001221,0.003189,0.001548,0.0,0.001914,0.016568,0.020152,0.0,0.0,0.0,0.0,0.0,0.0,0.0,0.002236,0.0
COSMIC Known Signature 12,0.0077,0.0047,0.0017,0.0046,0.0135,0.0112,0.0028,0.0071,0.0062,0.0056,0.0015,0.0027,0.0066,0.0099,0.0019,0.0049,0.0031,0.0015,0.0,0.0025,0.0019,0.0019,0.0,0.0019,0.0012,0.0011,0.0,0.0009,0.0024,0.0027,0.0,0.0015,0.0121,0.0054,0.0019,0.0067,0.0187,0.0094,0.0046,0.0205,0.0124,0.0092,0.0023,0.0115,0.0138,0.0095,0.001,0.009,0.0058,0.0065,0.0046,0.006,0.0017,0.0086,0.0031,0.0054,0.0015,0.0039,0.0019,0.0031,0.0057,0.0132,0.0037,0.0094,0.0466,0.0317,0.0487,0.025,0.0312,0.0385,0.0415,0.0324,0.0573,0.0274,0.041,0.0405,0.05,0.0342,0.032,0.0371,0.0012,0.001,0.0018,0.003,0.0013,0.0049,0.0045,0.0063,0.0,0.0004,0.0011,0.0032,0.0019,0.0027,0.0011,0.0032
Predicted Signature 26 (mutation),0.0,0.003242,0.0,0.0,0.003504,0.001049,0.0,0.006306,0.0,0.0,0.001639,0.001616,0.002701,0.0,0.001385,0.0,0.0,0.0,0.0,0.0,0.0,0.0,0.0,0.0,0.0,0.0,0.0,0.0,0.0,0.0,0.0,0.0,0.0,0.00052,0.0,0.0,0.00306,0.010056,0.003438,0.005923,0.0,0.001615,0.00519,0.0,0.003708,0.006731,0.000795,0.003435,0.036345,0.020511,0.064617,0.013721,0.050345,0.082887,0.230499,0.054392,0.042819,0.023611,0.068091,0.015226,0.030595,0.034266,0.06036,0.025494,0.010775,0.001119,0.002817,0.000882,0.0032,0.002232,0.0,0.001446,0.004844,0.002018,0.0,0.0,0.002415,0.000416,0.0,0.0,0.004186,0.001366,0.007248,0.0,0.002947,0.000865,0.017252,0.0,0.002145,0.0,0.0,0.0,0.000518,0.002496,0.009117,0.0
COSMIC Known Signature 22,0.001504070375,0.002451011015,0.0,0.000922452518,0.004549692944,0.003764473854,0.000900163331,0.004439846231,0.001298370161,0.001809622152,0.000333838055,0.000519148161,0.004051634552,0.002739770937,0.00051315107,0.003605650899,0.00052764404,0.0,0.0,0.000299454735,0.000582017663,0.000825299647,0.000382114636,0.001760645911,0.0,0.0,0.000214695851,0.000538438803,0.000225490615,0.00062869502,0.000395807994,0.000257375147,0.003113389695,0.00152486029,0.003625641201,0.0,0.007731349522,0.007110850526,0.005502030965,0.004169777241,0.001915370854,0.003229133547,0.003300598879,0.00111405957,0.002016721688,0.001990834246,0.001498473091,0.001182226502,0.049619229712,0.011666740464,0.067915454213,0.01459991758,0.086898545516,0.053706846809,0.213220866558,0.061827507476,0.053709145693,0.009489396694,0.050293902428,0.010601457233,0.040810502825,0.025570395801,0.069845218085,0.023579061797,0.016839930949,0.001108262382,0.004913616405,0.002630523933,0.004027346334,0.001352443929,0.002749666137,0.002363353537,0.004217454113,0.0,0.001474884534,0.001561042738,0.00480366974,0.000912157512,0.00178173568,0.0,0.001651998615,0.0,0.001086872758,0.0,0.001120356515,0.001064583571,0.004188568126,0.001629409573,0.0,0.0,0.001877589181,0.0,0.001651698761,0.0,0.002572751958,0.0